{"batch loss": 0.08568772673606873, "_timestamp": 1721297149.2754748, "_runtime": 12.969297885894775, "_step": 215, "loss": 0.607535617746586, "epoch": 0, "_wandb": {"runtime": 7}}