{"acc": 0.7843842683202442, "loss": 0.16497246976807092, "_timestamp": 1721234039.0049064, "_runtime": 9.106521368026733, "_step": 7, "_wandb": {"runtime": 6}}