{"acc": 0.9441951829140982, "loss": 0.1542731777431421, "_timestamp": 1721233999.5848987, "_runtime": 10.682608604431152, "_step": 7, "_wandb": {"runtime": 6}}