{"batch loss": 1.346008062362671, "_timestamp": 1721296298.9468374, "_runtime": 11.913702487945557, "_step": 150, "loss": 1.4605933531125386, "epoch": 0, "_wandb": {"runtime": 7}}