{"batch loss": 0.27108123898506165, "_timestamp": 1721296144.4907262, "_runtime": 11.582333326339722, "_step": 94, "loss": 0.5632505976456277, "epoch": 0, "_wandb": {"runtime": 7}}