{"_runtime":1.263038,"_step":7,"_timestamp":1721218247.3697412,"_wandb":{"runtime":2},"acc":0.7968160462965304,"loss":0.2059841063727631}