{"epoch": 9, "accuracy": 0.813390101950349, "loss": 0.27335041554415, "_timestamp": 1721218138.4219048, "_runtime": 81.10491490364075, "_step": 9, "_wandb": {"runtime": 7}}