{"acc": 0.8060443164233876, "loss": 0.23523570926831489, "_timestamp": 1721233980.3670187, "_runtime": 16.52409267425537, "_step": 7, "_wandb": {"runtime": 6}}