{"acc": 0.9090255327944187, "loss": 0.09604205250578243, "_timestamp": 1721234064.0434167, "_runtime": 9.908368825912476, "_step": 7, "_wandb": {"runtime": 6}}