{"_runtime":1.234585,"_step":7,"_timestamp":1721218233.705387,"_wandb":{"runtime":2},"acc":0.8154298974419038,"loss":0.293871595027976}