{"batch loss": 0.7971029877662659, "_timestamp": 1721296452.8645558, "_runtime": 12.441881895065308, "_step": 250, "loss": 0.898494149029255, "epoch": 0, "_wandb": {"runtime": 6}}