{"batch loss": 0.4521750211715698, "_timestamp": 1721296994.7424107, "_runtime": 10.725146770477295, "_step": 72, "loss": 0.5809965127458175, "epoch": 0, "_wandb": {"runtime": 6}}