{"_runtime":1.434515,"_step":7,"_timestamp":1721218240.7407649,"_wandb":{"runtime":2},"acc":0.8811712009079347,"loss":0.16465889704355685}