{"Accuracy": 0.194, "_timestamp": 1721235569.7047539, "_runtime": 11.298285961151123, "_step": 5, "_wandb": {"runtime": 12}}