{"_runtime":1.325431,"_step":7,"_timestamp":1721218228.1559098,"_wandb":{"runtime":2},"acc":0.9367964868537655,"loss":0.0667719966674672}