{"train/train_loss": 0.027397841215133667, "train/epoch": 10.0, "train/example_ct": 120000, "_timestamp": 1721230988.5062492, "_runtime": 28.661588191986084, "_step": 939, "val/val_loss": 0.15179531276226044, "val/val_accuracy": 0.952, "predictions_table": {"_type": "table-file", "sha256": "f4de56bed1db274e7e5dc5b6134ea65c7bb44cf8a010f831b36a5b9838a191ef", "size": 62905, "artifact_path": "wandb-client-artifact://xdr9pbrsfvytgp8e7mfst2mj21yop2ofvd8tfcwhn7lx166zkntkmaz1s9dex7qm659k52zzgo2gvr7r6ytceizno2uo89shfyxj6518opme50w127f1yes9z8txd0gn/predictions_table.table.json", "_latest_artifact_path": "wandb-client-artifact://x4itx8v10058vpmz1zv0eqll7fq3o4elyipyib9g1sntdp8eij3hzfag5g9fh8uzgcxelozf63v6ef3jnfcsw31pm6m80mqkx26i75b3w3oa58zoxfh5iglmqecyss89:latest/predictions_table.table.json", "path": "media/table/predictions_table_939_f4de56bed1db274e7e5d.table.json", "ncols": 13, "nrows": 256}, "test_accuracy": 0.8, "_wandb": {"runtime": 43}}