{"train/train_loss": 0.03390495851635933, "train/epoch": 10.0, "train/example_ct": 120000, "_timestamp": 1721230833.877393, "_runtime": 149.25336909294128, "_step": 939, "val/val_loss": 0.1556607037782669, "val/val_accuracy": 0.954, "predictions_table": {"_type": "table-file", "sha256": "774f44954c59c0ada669f99c605d27cdd2edf2050c4a4b75257df183109fb998", "size": 62963, "artifact_path": "wandb-client-artifact://ytiz3z4yrjq7o96b8k4qlii136g02nbmvss7jz48j0sd0kbq2qg1gqn0rktr8pkriyn5uwk0m847i7tnxa85capqvfivkmxhb9k680sficmboycfvv5i7xsemej4vz2e/predictions_table.table.json", "_latest_artifact_path": "wandb-client-artifact://77wf1rhbseckbw2o6l9f60bac4nl3jz2kmh1dvmcb9ascd3tph4jp2rdtcxrcd2zkvk573g5gxi4fm9shbzg1acfsjdb9835n8oculx4ybrkrepywxd3voohkidd3ozx:latest/predictions_table.table.json", "path": "media/table/predictions_table_939_774f44954c59c0ada669.table.json", "ncols": 13, "nrows": 256}, "test_accuracy": 0.8, "_wandb": {"runtime": 159}}