{"acc": 0.76355867016761, "loss": 0.2057288315251576, "_timestamp": 1721234019.5134962, "_runtime": 10.760494232177734, "_step": 7, "_wandb": {"runtime": 6}}