{"train/train_loss": 0.12165812402963638, "train/epoch": 10.0, "train/example_ct": 120000, "_timestamp": 1721230927.5510676, "_runtime": 18.131508588790894, "_step": 939, "val/val_loss": 0.14562314748764038, "val/val_accuracy": 0.9545, "predictions_table": {"_type": "table-file", "sha256": "587b5c41b720eb446a8983d01588db40ef59c38bc3089c6fc33988ce63913152", "size": 62904, "artifact_path": "wandb-client-artifact://q3vczkudfcgqq8934vpskuoj65norna10p2edrkivqz8fi3bhmp8qk5p1u27d4hj6w8va8hwqnmvbhx49ksxjf21zrqd0vtzjh7tsv7364yq9eq7oz7yi1gdblbotwpl/predictions_table.table.json", "_latest_artifact_path": "wandb-client-artifact://cg08omwh1c5bsj8go9i0ub8g22a481vmuq6xfiid12rvj8pvz8cgv3r6fxhshi2pab3kt4arv7zii6jnsjx07j7l3ovnwl4mhn37c3zjyv9r2wti0dh9jotc3ft60c7m:latest/predictions_table.table.json", "path": "media/table/predictions_table_939_587b5c41b720eb446a89.table.json", "ncols": 13, "nrows": 256}, "test_accuracy": 0.8, "_wandb": {"runtime": 40}}