{"_runtime":3.84295,"_step":7,"_timestamp":1721218221.640117,"_wandb":{"runtime":4},"acc":0.8812257178255487,"loss":0.06879619934526615}