{"train/train_loss": 0.04870981350541115, "train/epoch": 10.0, "train/example_ct": 120000, "_timestamp": 1721230880.6419582, "_runtime": 21.24877619743347, "_step": 939, "val/val_loss": 0.1589902639389038, "val/val_accuracy": 0.955, "predictions_table": {"_type": "table-file", "sha256": "92cf486d5ebbe6561513839b0c803d7b702ec69e712a4c64ada550c8fff3c7bb", "size": 62860, "artifact_path": "wandb-client-artifact://vdl8m972qj2lc1k6oa1cbk4wpi4mbh0yqm32critg1kcz0bb646nd2ehlvq1v95hgqccmwrwvxcf2rj1jk0780y11biku9ocr71mu9shhnqe7ke0d5mq3ytyi6pbc7oz/predictions_table.table.json", "_latest_artifact_path": "wandb-client-artifact://ab40762xjoas6mhwo0odl9x24evvki9mr5ithl9aar7byck8rn8h9e2jyo7j6fjslqunq6krdqu6p95ip8vvagu5g8qwt3qtwi85mci2op7qi144jm07173im49goudm:latest/predictions_table.table.json", "path": "media/table/predictions_table_939_92cf486d5ebbe6561513.table.json", "ncols": 13, "nrows": 256}, "test_accuracy": 0.8, "_wandb": {"runtime": 33}}